PatientID,FirstName,LastName,DateOfBirth,PhoneNumber,Email,InsuranceCarrier,MemberID,GroupID
PAT0001,Angela,Phillips,1972-03-15,001-227-863-7882x5321,angela.phillips85@example.com,Aetna,512661529.0,GRP9095
PAT0002,Kim,Robinson,1952-06-22,001-691-365-9961x4542,kim.robinson2@example.com,Humana,164602505.0,GRP4774
PAT0003,James,Washington,1989-07-29,+1-797-523-6570x630,james.washington59@example.com,Blue Cross Blue Shield,311451303.0,GRP5463
PAT0004,Rachel,Stein,1998-03-08,952-616-5415x9727,rachel.stein59@example.com,Aetna,227851848.0,GRP9713
PAT0005,Kirsten,Mendez,1968-09-13,001-996-507-8278x2845,kirsten.mendez11@example.com,Centene,788935483.0,GRP2055
PAT0006,Tiffany,Wright,1964-08-17,+1-669-493-7734x35272,tiffany.wright13@example.com,Humana,389871961.0,GRP8547
PAT0007,Gary,Rose,1964-03-20,(915)423-1694x363,gary.rose95@example.com,Cigna,700284938.0,GRP1835
PAT0008,Antonio,Willis,1949-08-30,252-847-4294x835,antonio.willis23@example.com,Cigna,718004690.0,GRP8982
PAT0009,Julie,Middleton,2006-11-28,583.987.8865,julie.middleton18@example.com,Humana,700146468.0,GRP4981
PAT0010,Tracy,Williams,1946-02-14,978.780.4716x2061,tracy.williams28@example.com,UnitedHealthcare,337114958.0,GRP5615
PAT0011,Andrew,Pitts,1955-10-24,255-332-5674x7429,andrew.pitts20@example.com,UnitedHealthcare,704098552.0,GRP9373
PAT0012,Patricia,Perez,2000-10-01,949-398-1275x1602,patricia.perez30@example.com,Blue Cross Blue Shield,427439853.0,GRP7553
PAT0013,Jennifer,Coleman,1979-07-07,698.306.1561x922,jennifer.coleman75@example.com,Cigna,899922944.0,GRP1677
PAT0014,John,Cox,1955-04-11,+1-914-894-6810x74261,john.cox31@example.com,UnitedHealthcare,647375805.0,GRP9094
PAT0015,Alisha,Thompson,1971-12-01,708-567-8084x119,alisha.thompson29@example.com,Kaiser Permanente,932844878.0,GRP4771
PAT0016,Patrick,Valentine,2006-09-01,920-470-7173x338,patrick.valentine26@example.com,Aetna,613007020.0,GRP1846
PAT0017,Rhonda,Caldwell,1997-07-12,514-391-2115,rhonda.caldwell82@example.com,Blue Cross Blue Shield,960961959.0,GRP6020
PAT0018,Diamond,Dixon,1958-12-10,(796)443-2738x07712,diamond.dixon50@example.com,Blue Cross Blue Shield,731997456.0,GRP1412
PAT0019,Michelle,Welch,1950-06-12,8516325885,michelle.welch85@example.com,Cigna,129615958.0,GRP2855
PAT0020,Charles,Chapman,1987-01-01,+1-500-957-1964x78278,charles.chapman55@example.com,Kaiser Permanente,159202590.0,GRP6735
PAT0021,Justin,Jones,1991-08-16,535-420-4355x65484,justin.jones2@example.com,UnitedHealthcare,282058584.0,GRP9610
PAT0022,Courtney,Lewis,1964-02-28,+1-888-893-0335x3333,courtney.lewis82@example.com,Centene,953440593.0,GRP4870
PAT0023,Donna,Jones,1959-05-28,(843)680-1586x1306,donna.jones32@example.com,UnitedHealthcare,864604069.0,GRP1649
PAT0024,Erica,Anderson,1994-04-24,774-774-9810x96261,erica.anderson16@example.com,Kaiser Permanente,469582548.0,GRP4476
PAT0025,Natalie,Schneider,1995-04-12,001-867-693-4854,natalie.schneider7@example.com,Kaiser Permanente,894469471.0,GRP9881
PAT0026,Paul,Webster,1990-12-26,(801)342-9701,paul.webster22@example.com,Centene,532136607.0,GRP1482
PAT0027,James,Manning,1950-05-28,001-783-990-4231x3002,james.manning8@example.com,Blue Cross Blue Shield,561762852.0,GRP3623
PAT0028,Jessica,Rice,1981-08-08,+1-510-509-5097x20631,jessica.rice38@example.com,Centene,998008102.0,GRP1093
PAT0029,Julie,Woods,2002-09-27,315-747-3291,julie.woods80@example.com,Humana,927275064.0,GRP9896
PAT0030,Todd,Mendoza,2000-05-30,001-658-825-6855x31630,todd.mendoza13@example.com,Centene,293521822.0,GRP1832
PAT0031,Rebecca,Palmer,1970-09-05,001-205-705-8856x77371,rebecca.palmer20@example.com,Blue Cross Blue Shield,158433351.0,GRP4727
PAT0032,Joseph,Miller,1988-01-09,3875711383,joseph.miller55@example.com,Aetna,557547387.0,GRP1902
PAT0033,Jeffrey,Rowe,2000-10-07,431.266.6555x19924,jeffrey.rowe27@example.com,Centene,583084530.0,GRP9653
PAT0034,Jennifer,Scott,1952-05-22,7246540073,jennifer.scott79@example.com,Aetna,921350942.0,GRP9467
PAT0035,Andre,Anderson,1946-04-21,866-968-6747x9099,andre.anderson96@example.com,Centene,316989745.0,GRP9662
PAT0036,Jesse,Perry,1999-12-08,278.396.1671,jesse.perry32@example.com,Cigna,126592231.0,GRP2638
PAT0037,Leah,Miller,1951-01-17,001-657-200-2414x695,leah.miller12@example.com,Kaiser Permanente,880886051.0,GRP6613
PAT0038,Brenda,Ramirez,1946-12-08,+1-902-924-1186x9216,brenda.ramirez35@example.com,Centene,120189103.0,GRP6140
PAT0039,Darlene,Weaver,1987-06-14,390-654-7383x9480,darlene.weaver80@example.com,Humana,702653263.0,GRP8677
PAT0040,Jordan,Martin,1982-05-24,243-786-6458,jordan.martin22@example.com,Anthem,533383888.0,GRP7856
PAT0041,Melissa,Daniels,1959-11-21,975.703.1263,melissa.daniels21@example.com,Anthem,100630453.0,GRP1141
PAT0042,Molly,Garcia,1957-04-24,2664621851,molly.garcia70@example.com,Aetna,544767610.0,GRP3372
PAT0043,David,Smith,1964-07-31,+1-948-795-9362x4296,david.smith37@example.com,Aetna,139057273.0,GRP6759
PAT0044,Shawn,Cox,1993-11-01,487-990-2112,shawn.cox69@example.com,Cigna,416133033.0,GRP5817
PAT0045,Michael,Wallace,1976-08-13,001-477-759-0433x89775,michael.wallace75@example.com,Kaiser Permanente,139455046.0,GRP3051
PAT0046,Shelly,Bradshaw,1974-09-12,896-743-8348,shelly.bradshaw61@example.com,Humana,154220239.0,GRP5368
PAT0047,Denise,Burns,1977-01-04,591-737-7206x555,denise.burns19@example.com,Cigna,139789412.0,GRP4217
PAT0048,Luke,Hanna,1976-06-14,+1-573-668-6326x63392,luke.hanna25@example.com,Cigna,378282913.0,GRP1595
PAT0049,Tamara,Johnson,2000-10-22,+1-877-449-5648x65671,tamara.johnson84@example.com,Humana,855565380.0,GRP4371
PAT0050,Kevin,Bell,1999-02-05,001-800-747-3790x526,kevin.bell87@example.com,Anthem,427080953.0,GRP3425
PAT0051,Pranshul,Thakur,2004-11-28,,,,,
PAT0052,john,stewart,2004-11-27,9004912574,acoristic.me@gmail.com,,,
PAT0053,John,Jack,2004-11-29,9004912574,acoristic.me@gmail.com,,,
